peptides,0_1,0_2,0_3,1_1,1_2,1_3,2_1,2_2,2_3,3_1,3_2,3_3,4_1,4_2,4_3
THT,15.56807137,16.28381729,16.1664257,13.01374531,13.00994205,13.12224293,13.08589268,12.83862019,12.92189884,13.27547264,13.15584946,13.22263908,13.6267,14.4212,13.9578
NNSGPN,14.89457989,14.59388542,14.97016144,12.74526501,12.71627808,12.8154583,12.91157627,13.22858334,12.8806591,12.78642082,13.17694092,13.26441956,14.4541,14.2158,14.253
QANKHI,14.259552,14.19412994,14.46482468,12.96893692,13.45714188,13.23763371,12.93980312,12.92332554,13.11847115,13.63889694,13.31788063,13.71741009,13.4616,13.5642,13.7607
QEMRHF,13.8091135,14.16366386,14.12112522,13.13564873,12.85230064,12.77875519,13.20640278,13.3547678,13.94052029,13.03316593,13.32804108,13.93476963,9.5292,9.5829,9.4834
MMHFGN,13.93357849,14.2467308,15.02815914,13.835536,13.7701416,13.57150078,13.78420162,13.47229004,13.87799931,14.14774036,13.70853138,14.13389778,13.3548,14.0219,14.0496
ALEEYT,14.20016956,14.20986843,14.58818054,13.16123199,13.82548141,13.68682957,13.58278275,13.72012043,13.414217,14.18762112,13.64613724,13.52480793,13.8578,14.4142,14.4349
HGFNQQ,14.3539753,14.44500542,14.90903282,13.16615677,13.64453793,13.37283134,13.12601376,13.27148914,13.09821129,14.42593765,14.17393303,13.70295811,13.8607,13.7109,13.8295
ASSSNY,14.05052185,14.53031445,14.20181847,12.59180546,13.69933605,13.07656956,13.09782219,13.668993,13.2273035,13.21056271,13.48483753,13.20351505,12.4841,11.929,12.7076
HSSNNF,14.02450085,14.77443027,15.15680408,13.1045351,12.91426563,13.23858356,13.29993248,13.62825584,14.01466656,13.62622547,14.17589092,13.74935818,14.6393,14.7495,14.4528
MIENIQ,13.93073082,13.99739456,14.1054554,13.47469425,13.05370998,13.32955551,13.83631802,13.84861946,13.44787788,13.35596848,13.66991425,13.83710194,10.9056,10.9187,11.0778
NIFNIT,368.7122498,379.0995178,371.8956299,304.2316589,304.1842957,303.5935669,219.1889954,198.7376862,193.1420135,173.1391296,170.1505585,168.5623474,139.9926,158.1827,157.6132
MIHFGN,13.58685398,13.2285881,13.31354427,12.80555058,13.13632679,13.365942,13.79974747,14.08675861,14.11319828,13.41233826,13.36670208,13.66261101,13.4412,13.8773,13.7171
HLFNLT,12.9720192,13.46199417,13.8990593,37.81202316,36.61730194,41.61149979,212.4757385,207.813797,198.4584961,217.7036133,212.1032104,207.6295013,231.0182,231.453,239.684
STVVIE,67.12220764,76.04585266,75.26242065,510.3976135,517.3182373,304.1643677,652.954895,584.4665527,689.8400879,304.8647461,278.5351868,281.9726563,250.0541,325.256,587.5876
ELNIYQ,16.45052719,14.91389084,14.60216331,13.39627457,13.72588921,13.68205929,13.75829887,14.55432415,14.44144058,13.8313179,13.86308765,14.24688053,16.5144,16.578,16.274
FTFIQF,42.92734146,45.90116501,43.64920044,28.86934662,29.74206924,29.89919281,280.7634888,283.8139038,279.8842163,125.2634583,125.5525513,127.3946991,19.5508,21.3696,19.7773
WSFYLL,1202.55667,1190.957148,1202.29416,218.5966644,195.6366882,185.6943665,240.746048,245.4091797,246.8750458,250.4944916,247.4813385,251.6498566,98.9393,74.5427,72.3852
YYTEFT,14.24276161,14.59128761,14.1574831,13.65081882,13.26927185,13.22385502,13.03464317,13.28542709,13.79113007,13.72042847,13.95553207,14.11027718,27.8369,24.622,24.712
NTIFVQ,1794.722101,1883.32336,1966.636721,538.5914307,467.0458069,418.1312561,351.1769714,355.8008118,364.8188477,515.4595947,521.5794678,524.5471191,141.3135,138.0735,132.3623
FTPTEK,13.03128529,13.22441196,13.06734848,13.08506393,13.20988464,13.13453579,13.40711021,13.50631142,13.70518494,12.7416954,13.12792683,13.1664114,14.3669,13.7896,13.9492
DETVIV,10.23785305,9.808217049,9.935408592,13.20170784,12.84392738,13.0265007,13.29020023,12.98140335,13.02364731,8.519809723,9.011340141,9.171920776,14.0378,13.2132,13.8949
FQKQQK,13.57246304,13.97632313,15.08815479,12.67728806,12.62077332,13.01512814,13.09005547,13.0867424,13.28272247,13.08508205,13.12568283,13.18896294,12.9927,13.6237,12.8591
FGELFE,14.33765793,14.17395592,14.44374084,13.53739548,13.11988544,13.37714863,13.66097832,13.23238659,13.67977524,13.83007813,13.72409344,13.57952118,14.5442,14.3604,14.5319
SHVIIE,412.7590942,480.1105957,450.0932007,390.5093079,372.6895447,393.741333,393.875,384.0309,389.7102,674.0903931,675.7581787,666.375,505.7321,510.8052,509.1228
STTIIE,12.35242367,12.24011326,12.23563862,12.33001518,12.33023834,12.58152962,10.87884235,10.57673073,10.85340881,12.88169956,13.09614182,13.08047581,211.5055,194.1102,181.232
